{"payload": {"mode": "MAT_COMPARE", "measure": "value_sales", "window": {"start": "2022-07-01", "end": "2025-06-30"}, "dims": ["mat_label"], "filters": {"category": "Biscuits"}, "mat_compare": {"mat_compare": {"anchor_month": 6, "years": [2025, 2024, 2023], "labels": ["MAT 2025", "MAT 2024", "MAT 2023"]}, "periods": [{"mat_label": "MAT 2025", "start": "2024-07-01", "end": "2025-06-30", "value_sales": 6123620.356542087}, {"mat_label": "MAT 2024", "start": "2023-07-01", "end": "2024-06-30", "value_sales": 7852142.919229749}, {"mat_label": "MAT 2023", "start": "2022-07-01", "end": "2023-06-30", "value_sales": 7195981.825434215}], "chart_type": "bar", "rowcount": 3}, "calculation_mode": "mat_compare"}, "insights": ["In Biscuits, the strongest value sales was in MAT 2024 and the weakest in MAT 2025.", "MAT comparison for Biscuits shows MAT 2024 leading overall.", "Biscuits: MAT 2024 outperformed MAT 2025 on value sales.", "Across years, Biscuits peaked at MAT 2024 for value sales."]}
{"payload": {"mode": "BAR", "measure": "value_yoy", "window": {"start": "2025-01-01", "end": "2025-03-31"}, "dims": ["brand"], "filters": {"category": "Biscuits"}, "yoy": {"measure_type": "value", "items": [{"brand": "Alpha", "prev": 9190609.389379255, "curr": 8701720.364971863, "yoy_pct": -0.053194407867269033}, {"brand": "Gamma", "prev": 6091961.642353418, "curr": 5588918.419331477, "yoy_pct": -0.08257491634954028}]}, "bar": {"x": "brand", "y": "value_yoy", "items": [{"rank": 1, "label": "Alpha", "value": -0.053194407867269033}, {"rank": 2, "label": "Gamma", "value": -0.08257491634954028}]}, "calculation_mode": "YOY"}, "insights": ["In Biscuits, Alpha leads YoY with -5.3%.", "Alpha shows the strongest YoY momentum in Biscuits, while Gamma trails.", "Biscuits YoY snapshot: best is Alpha at -5.3%.", "Year-over-year, Alpha improved the most in Biscuits."]}
{"payload": {"mode": "BAR", "measure": "unit_sales", "window": {"start": "2022-01-01", "end": "2022-12-31"}, "dims": [], "filters": {"category": "Biscuits", "brand": ["Alpha"]}, "bar": {"x": "brand", "y": "unit_sales", "items": [{"rank": 1, "label": "Alpha", "value": 1839411.3749299222}]}, "calculation_mode": "total unit_sales sales"}, "insights": ["Biscuits: Alpha total unit sales is 1839411.", "Total unit sales for Alpha in Biscuits is 1839411.", "Alpha recorded 1839411 in unit sales for Biscuits."]}
{"payload": {"mode": "LINE", "measure": "value_sales", "window": {"start": "2024-01-01", "end": "2024-12-31"}, "dims": ["brand"], "filters": {"category": "Biscuits", "brand": ["Beta", "Alpha", "Gamma"]}, "trend": {"measure": "value_sales", "by_brand": [{"brand": "Beta", "min": {"value": 6247013.931549629, "period": "2024-03", "label": "Mar 2024"}, "max": {"value": 17638918.22594393, "period": "2024-04", "label": "Apr 2024"}}, {"brand": "Alpha", "min": {"value": 6557404.952639973, "period": "2024-10", "label": "Oct 2024"}, "max": {"value": 15422111.536716163, "period": "2024-06", "label": "Jun 2024"}}, {"brand": "Gamma", "min": {"value": 6412662.25338262, "period": "2024-11", "label": "Nov 2024"}, "max": {"value": 17587584.396894712, "period": "2024-03", "label": "Mar 2024"}}], "overall": {"min": {"value": 6247013.931549629, "period": "2024-03", "label": "Mar 2024"}, "max": {"value": 17638918.22594393, "period": "2024-04", "label": "Apr 2024"}}}, "calculation_mode": "total value_sales"}, "insights": ["In Biscuits, Beta reached the highest monthly value sales at Apr 2024.", "Trend view (Biscuits): Beta shows the strongest monthly peak.", "Biscuits trend: multiple brands vary month-to-month; Beta peaks highest."]}
{"payload": {"mode": "MAT_COMPARE", "measure": "value_sales", "window": {"start": "2021-10-01", "end": "2025-09-30"}, "dims": ["mat_label"], "filters": {"category": "Biscuits"}, "mat_compare": {"mat_compare": {"anchor_month": 9, "years": [2025, 2024, 2022], "labels": ["MAT 2025", "MAT 2024", "MAT 2022"]}, "periods": [{"mat_label": "MAT 2025", "start": "2024-10-01", "end": "2025-09-30", "value_sales": 5776339.944800051}, {"mat_label": "MAT 2024", "start": "2023-10-01", "end": "2024-09-30", "value_sales": 6987566.853061946}, {"mat_label": "MAT 2022", "start": "2021-10-01", "end": "2022-09-30", "value_sales": 5935133.228268233}], "chart_type": "bar", "rowcount": 3}, "calculation_mode": "mat_compare"}, "insights": ["In Biscuits, the strongest value sales was in MAT 2024 and the weakest in MAT 2025.", "MAT comparison for Biscuits shows MAT 2024 leading overall.", "Biscuits: MAT 2024 outperformed MAT 2025 on value sales.", "Across years, Biscuits peaked at MAT 2024 for value sales."]}
{"payload": {"mode": "BAR", "measure": "value_yoy", "window": {"start": "2024-04-01", "end": "2024-06-30"}, "dims": ["brand"], "filters": {"category": "Biscuits"}, "yoy": {"measure_type": "value", "items": [{"brand": "Delta", "prev": 8640476.148244675, "curr": 9193579.672019944, "yoy_pct": 0.06401308380298376}, {"brand": "Beta", "prev": 6293981.188678689, "curr": 7495347.292205468, "yoy_pct": 0.19087538832936746}]}, "bar": {"x": "brand", "y": "value_yoy", "items": [{"rank": 1, "label": "Beta", "value": 0.19087538832936746}, {"rank": 2, "label": "Delta", "value": 0.06401308380298376}]}, "calculation_mode": "YOY"}, "insights": ["In Biscuits, Beta leads YoY with 19.1%.", "Beta shows the strongest YoY momentum in Biscuits, while Delta trails.", "Biscuits YoY snapshot: best is Beta at 19.1%.", "Year-over-year, Beta improved the most in Biscuits."]}
{"payload": {"mode": "BAR", "measure": "value_sales", "window": {"start": "2022-01-01", "end": "2022-12-31"}, "dims": [], "filters": {"category": "Biscuits", "brand": ["Gamma"]}, "bar": {"x": "brand", "y": "value_sales", "items": [{"rank": 1, "label": "Gamma", "value": 10425929.763527803}]}, "calculation_mode": "total value_sales sales"}, "insights": ["Biscuits: Gamma total value sales is 10425930.", "Total value sales for Gamma in Biscuits is 10425930.", "Gamma recorded 10425930 in value sales for Biscuits."]}
{"payload": {"mode": "LINE", "measure": "value_sales", "window": {"start": "2023-01-01", "end": "2023-12-31"}, "dims": ["brand"], "filters": {"category": "Biscuits", "brand": ["Delta", "Alpha", "Beta"]}, "trend": {"measure": "value_sales", "by_brand": [{"brand": "Delta", "min": {"value": 6542727.466926456, "period": "2023-07", "label": "Jul 2023"}, "max": {"value": 17273987.29877027, "period": "2023-01", "label": "Jan 2023"}}, {"brand": "Alpha", "min": {"value": 6066265.405483229, "period": "2023-09", "label": "Sep 2023"}, "max": {"value": 17842643.23920621, "period": "2023-06", "label": "Jun 2023"}}, {"brand": "Beta", "min": {"value": 6762700.203432283, "period": "2023-08", "label": "Aug 2023"}, "max": {"value": 16357241.110507123, "period": "2023-05", "label": "May 2023"}}], "overall": {"min": {"value": 6066265.405483229, "period": "2023-09", "label": "Sep 2023"}, "max": {"value": 17842643.23920621, "period": "2023-06", "label": "Jun 2023"}}}, "calculation_mode": "total value_sales"}, "insights": ["In Biscuits, Alpha reached the highest monthly value sales at Jun 2023.", "Trend view (Biscuits): Alpha shows the strongest monthly peak.", "Biscuits trend: multiple brands vary month-to-month; Alpha peaks highest."]}
{"payload": {"mode": "MAT_COMPARE", "measure": "unit_sales", "window": {"start": "2022-04-01", "end": "2025-03-31"}, "dims": ["mat_label"], "filters": {"category": "Biscuits"}, "mat_compare": {"mat_compare": {"anchor_month": 3, "years": [2025, 2024, 2023], "labels": ["MAT 2025", "MAT 2024", "MAT 2023"]}, "periods": [{"mat_label": "MAT 2025", "start": "2024-04-01", "end": "2025-03-31", "unit_sales": 1121048.9198034285}, {"mat_label": "MAT 2024", "start": "2023-04-01", "end": "2024-03-31", "unit_sales": 830550.4476133646}, {"mat_label": "MAT 2023", "start": "2022-04-01", "end": "2023-03-31", "unit_sales": 583715.9721568112}], "chart_type": "bar", "rowcount": 3}, "calculation_mode": "mat_compare"}, "insights": ["In Biscuits, the strongest unit sales was in MAT 2025 and the weakest in MAT 2023.", "MAT comparison for Biscuits shows MAT 2025 leading overall.", "Biscuits: MAT 2025 outperformed MAT 2023 on unit sales.", "Across years, Biscuits peaked at MAT 2025 for unit sales."]}
{"payload": {"mode": "BAR", "measure": "unit_yoy", "window": {"start": "2025-07-01", "end": "2025-09-30"}, "dims": ["brand"], "filters": {"category": "Biscuits"}, "yoy": {"measure_type": "unit", "items": [{"brand": "Gamma", "prev": 656622.3936114975, "curr": 740824.7041443478, "yoy_pct": 0.12823551458506932}, {"brand": "Delta", "prev": 580638.5987847481, "curr": 656870.7298296267, "yoy_pct": 0.13129015398636823}]}, "bar": {"x": "brand", "y": "unit_yoy", "items": [{"rank": 1, "label": "Delta", "value": 0.13129015398636823}, {"rank": 2, "label": "Gamma", "value": 0.12823551458506932}]}, "calculation_mode": "YOY"}, "insights": ["In Biscuits, Delta leads YoY with 13.1%.", "Delta shows the strongest YoY momentum in Biscuits, while Gamma trails.", "Biscuits YoY snapshot: best is Delta at 13.1%.", "Year-over-year, Delta improved the most in Biscuits."]}
{"payload": {"mode": "BAR", "measure": "value_sales", "window": {"start": "2022-01-01", "end": "2022-12-31"}, "dims": [], "filters": {"category": "Biscuits", "brand": ["Alpha"]}, "bar": {"x": "brand", "y": "value_sales", "items": [{"rank": 1, "label": "Alpha", "value": 8456569.174550734}]}, "calculation_mode": "total value_sales sales"}, "insights": ["Biscuits: Alpha total value sales is 8456569.", "Total value sales for Alpha in Biscuits is 8456569.", "Alpha recorded 8456569 in value sales for Biscuits."]}
{"payload": {"mode": "LINE", "measure": "value_sales", "window": {"start": "2022-01-01", "end": "2022-12-31"}, "dims": ["brand"], "filters": {"category": "Biscuits", "brand": ["Gamma", "Alpha", "Delta"]}, "trend": {"measure": "value_sales", "by_brand": [{"brand": "Gamma", "min": {"value": 6305029.520929142, "period": "2022-03", "label": "Mar 2022"}, "max": {"value": 16890797.687113114, "period": "2022-09", "label": "Sep 2022"}}, {"brand": "Alpha", "min": {"value": 6923758.917945516, "period": "2022-02", "label": "Feb 2022"}, "max": {"value": 17156371.828110877, "period": "2022-05", "label": "May 2022"}}, {"brand": "Delta", "min": {"value": 6083425.566374289, "period": "2022-09", "label": "Sep 2022"}, "max": {"value": 16753095.599081919, "period": "2022-02", "label": "Feb 2022"}}], "overall": {"min": {"value": 6083425.566374289, "period": "2022-09", "label": "Sep 2022"}, "max": {"value": 17156371.828110877, "period": "2022-05", "label": "May 2022"}}}, "calculation_mode": "total value_sales"}, "insights": ["In Biscuits, Alpha reached the highest monthly value sales at May 2022.", "Trend view (Biscuits): Alpha shows the strongest monthly peak.", "Biscuits trend: multiple brands vary month-to-month; Alpha peaks highest."]}
{"payload": {"mode": "MAT_COMPARE", "measure": "unit_sales", "window": {"start": "2021-07-01", "end": "2024-06-30"}, "dims": ["mat_label"], "filters": {"category": "Beverages"}, "mat_compare": {"mat_compare": {"anchor_month": 6, "years": [2024, 2023, 2022], "labels": ["MAT 2024", "MAT 2023", "MAT 2022"]}, "periods": [{"mat_label": "MAT 2024", "start": "2023-07-01", "end": "2024-06-30", "unit_sales": 583905.757133578}, {"mat_label": "MAT 2023", "start": "2022-07-01", "end": "2023-06-30", "unit_sales": 736330.6199825396}, {"mat_label": "MAT 2022", "start": "2021-07-01", "end": "2022-06-30", "unit_sales": 1160036.7927387634}], "chart_type": "bar", "rowcount": 3}, "calculation_mode": "mat_compare"}, "insights": ["In Beverages, the strongest unit sales was in MAT 2022 and the weakest in MAT 2024.", "MAT comparison for Beverages shows MAT 2022 leading overall.", "Beverages: MAT 2022 outperformed MAT 2024 on unit sales.", "Across years, Beverages peaked at MAT 2022 for unit sales."]}
{"payload": {"mode": "BAR", "measure": "unit_yoy", "window": {"start": "2025-01-01", "end": "2025-03-31"}, "dims": ["brand"], "filters": {"category": "Beverages"}, "yoy": {"measure_type": "unit", "items": [{"brand": "Splash", "prev": 461601.4660103776, "curr": 487283.6728740918, "yoy_pct": 0.05563718652300986}, {"brand": "Hydra", "prev": 651509.4794475889, "curr": 657430.9713901902, "yoy_pct": 0.009088880713788106}, {"brand": "Quench", "prev": 785891.0413604804, "curr": 934215.5492874222, "yoy_pct": 0.18873418848263324}]}, "bar": {"x": "brand", "y": "unit_yoy", "items": [{"rank": 1, "label": "Quench", "value": 0.18873418848263324}, {"rank": 2, "label": "Splash", "value": 0.05563718652300986}, {"rank": 3, "label": "Hydra", "value": 0.009088880713788106}]}, "calculation_mode": "YOY"}, "insights": ["In Beverages, Quench leads YoY with 18.9%.", "Quench shows the strongest YoY momentum in Beverages, while Hydra trails.", "Beverages YoY snapshot: best is Quench at 18.9%.", "Year-over-year, Quench improved the most in Beverages."]}
{"payload": {"mode": "BAR", "measure": "value_sales", "window": {"start": "2022-01-01", "end": "2022-12-31"}, "dims": [], "filters": {"category": "Beverages", "brand": ["Splash"]}, "bar": {"x": "brand", "y": "value_sales", "items": [{"rank": 1, "label": "Splash", "value": 6762476.070777549}]}, "calculation_mode": "total value_sales sales"}, "insights": ["Beverages: Splash total value sales is 6762476.", "Total value sales for Splash in Beverages is 6762476.", "Splash recorded 6762476 in value sales for Beverages."]}
{"payload": {"mode": "LINE", "measure": "unit_sales", "window": {"start": "2024-01-01", "end": "2024-12-31"}, "dims": ["brand"], "filters": {"category": "Beverages", "brand": ["Quench", "Splash", "Fizz"]}, "trend": {"measure": "unit_sales", "by_brand": [{"brand": "Quench", "min": {"value": 733198.2526190795, "period": "2024-04", "label": "Apr 2024"}, "max": {"value": 1517439.2973699882, "period": "2024-09", "label": "Sep 2024"}}, {"brand": "Splash", "min": {"value": 781260.7930489675, "period": "2024-11", "label": "Nov 2024"}, "max": {"value": 1587085.4086995407, "period": "2024-01", "label": "Jan 2024"}}, {"brand": "Fizz", "min": {"value": 714929.0460350706, "period": "2024-06", "label": "Jun 2024"}, "max": {"value": 1321843.9642922194, "period": "2024-11", "label": "Nov 2024"}}], "overall": {"min": {"value": 714929.0460350706, "period": "2024-06", "label": "Jun 2024"}, "max": {"value": 1587085.4086995407, "period": "2024-01", "label": "Jan 2024"}}}, "calculation_mode": "total unit_sales"}, "insights": ["In Beverages, Splash reached the highest monthly unit sales at Jan 2024.", "Trend view (Beverages): Splash shows the strongest monthly peak.", "Beverages trend: multiple brands vary month-to-month; Splash peaks highest."]}
{"payload": {"mode": "MAT_COMPARE", "measure": "unit_sales", "window": {"start": "2021-10-01", "end": "2025-09-30"}, "dims": ["mat_label"], "filters": {"category": "Beverages"}, "mat_compare": {"mat_compare": {"anchor_month": 9, "years": [2025, 2023, 2022], "labels": ["MAT 2025", "MAT 2023", "MAT 2022"]}, "periods": [{"mat_label": "MAT 2025", "start": "2024-10-01", "end": "2025-09-30", "unit_sales": 1155710.9921157141}, {"mat_label": "MAT 2023", "start": "2022-10-01", "end": "2023-09-30", "unit_sales": 596264.6609021953}, {"mat_label": "MAT 2022", "start": "2021-10-01", "end": "2022-09-30", "unit_sales": 738746.445735181}], "chart_type": "bar", "rowcount": 3}, "calculation_mode": "mat_compare"}, "insights": ["In Beverages, the strongest unit sales was in MAT 2025 and the weakest in MAT 2023.", "MAT comparison for Beverages shows MAT 2025 leading overall.", "Beverages: MAT 2025 outperformed MAT 2023 on unit sales.", "Across years, Beverages peaked at MAT 2025 for unit sales."]}
{"payload": {"mode": "BAR", "measure": "unit_yoy", "window": {"start": "2023-10-01", "end": "2023-12-31"}, "dims": ["brand"], "filters": {"category": "Beverages"}, "yoy": {"measure_type": "unit", "items": [{"brand": "Fizz", "prev": 356736.76062029455, "curr": 420024.7463435512, "yoy_pct": 0.1774080854835689}, {"brand": "Quench", "prev": 738669.6766904905, "curr": 721962.8066462532, "yoy_pct": -0.02261751168545334}, {"brand": "Splash", "prev": 629992.0230170896, "curr": 721445.8608631529, "yoy_pct": 0.14516666006036472}]}, "bar": {"x": "brand", "y": "unit_yoy", "items": [{"rank": 1, "label": "Fizz", "value": 0.1774080854835689}, {"rank": 2, "label": "Splash", "value": 0.14516666006036472}, {"rank": 3, "label": "Quench", "value": -0.02261751168545334}]}, "calculation_mode": "YOY"}, "insights": ["In Beverages, Fizz leads YoY with 17.7%.", "Fizz shows the strongest YoY momentum in Beverages, while Quench trails.", "Beverages YoY snapshot: best is Fizz at 17.7%.", "Year-over-year, Fizz improved the most in Beverages."]}
{"payload": {"mode": "BAR", "measure": "unit_sales", "window": {"start": "2022-01-01", "end": "2022-12-31"}, "dims": [], "filters": {"category": "Beverages", "brand": ["Quench"]}, "bar": {"x": "brand", "y": "unit_sales", "items": [{"rank": 1, "label": "Quench", "value": 1466240.9739193548}]}, "calculation_mode": "total unit_sales sales"}, "insights": ["Beverages: Quench total unit sales is 1466241.", "Total unit sales for Quench in Beverages is 1466241.", "Quench recorded 1466241 in unit sales for Beverages."]}
{"payload": {"mode": "LINE", "measure": "unit_sales", "window": {"start": "2024-01-01", "end": "2024-12-31"}, "dims": ["brand"], "filters": {"category": "Beverages", "brand": ["Splash", "Fizz", "Quench"]}, "trend": {"measure": "unit_sales", "by_brand": [{"brand": "Splash", "min": {"value": 783792.4910253093, "period": "2024-03", "label": "Mar 2024"}, "max": {"value": 1510376.2514469973, "period": "2024-05", "label": "May 2024"}}, {"brand": "Fizz", "min": {"value": 704555.4254615968, "period": "2024-09", "label": "Sep 2024"}, "max": {"value": 1508698.7696743715, "period": "2024-04", "label": "Apr 2024"}}, {"brand": "Quench", "min": {"value": 784307.2910452832, "period": "2024-11", "label": "Nov 2024"}, "max": {"value": 1464301.0694447602, "period": "2024-08", "label": "Aug 2024"}}], "overall": {"min": {"value": 704555.4254615968, "period": "2024-09", "label": "Sep 2024"}, "max": {"value": 1510376.2514469973, "period": "2024-05", "label": "May 2024"}}}, "calculation_mode": "total unit_sales"}, "insights": ["In Beverages, Splash reached the highest monthly unit sales at May 2024.", "Trend view (Beverages): Splash shows the strongest monthly peak.", "Beverages trend: multiple brands vary month-to-month; Splash peaks highest."]}
{"payload": {"mode": "MAT_COMPARE", "measure": "unit_sales", "window": {"start": "2021-07-01", "end": "2025-06-30"}, "dims": ["mat_label"], "filters": {"category": "Beverages"}, "mat_compare": {"mat_compare": {"anchor_month": 6, "years": [2025, 2024, 2022], "labels": ["MAT 2025", "MAT 2024", "MAT 2022"]}, "periods": [{"mat_label": "MAT 2025", "start": "2024-07-01", "end": "2025-06-30", "unit_sales": 685641.6573772079}, {"mat_label": "MAT 2024", "start": "2023-07-01", "end": "2024-06-30", "unit_sales": 670792.7503653585}, {"mat_label": "MAT 2022", "start": "2021-07-01", "end": "2022-06-30", "unit_sales": 1181107.388326712}], "chart_type": "bar", "rowcount": 3}, "calculation_mode": "mat_compare"}, "insights": ["In Beverages, the strongest unit sales was in MAT 2022 and the weakest in MAT 2024.", "MAT comparison for Beverages shows MAT 2022 leading overall.", "Beverages: MAT 2022 outperformed MAT 2024 on unit sales.", "Across years, Beverages peaked at MAT 2022 for unit sales."]}
{"payload": {"mode": "BAR", "measure": "unit_yoy", "window": {"start": "2023-04-01", "end": "2023-06-30"}, "dims": ["brand"], "filters": {"category": "Beverages"}, "yoy": {"measure_type": "unit", "items": [{"brand": "Fizz", "prev": 496548.8623333802, "curr": 579777.3867365242, "yoy_pct": 0.167613966553134}, {"brand": "Quench", "prev": 615569.3129986315, "curr": 700790.8161241721, "yoy_pct": 0.13844339106249448}]}, "bar": {"x": "brand", "y": "unit_yoy", "items": [{"rank": 1, "label": "Fizz", "value": 0.167613966553134}, {"rank": 2, "label": "Quench", "value": 0.13844339106249448}]}, "calculation_mode": "YOY"}, "insights": ["In Beverages, Fizz leads YoY with 16.8%.", "Fizz shows the strongest YoY momentum in Beverages, while Quench trails.", "Beverages YoY snapshot: best is Fizz at 16.8%.", "Year-over-year, Fizz improved the most in Beverages."]}
{"payload": {"mode": "BAR", "measure": "unit_sales", "window": {"start": "2023-01-01", "end": "2023-12-31"}, "dims": [], "filters": {"category": "Beverages", "brand": ["Fizz"]}, "bar": {"x": "brand", "y": "unit_sales", "items": [{"rank": 1, "label": "Fizz", "value": 1403164.5117262304}]}, "calculation_mode": "total unit_sales sales"}, "insights": ["Beverages: Fizz total unit sales is 1403165.", "Total unit sales for Fizz in Beverages is 1403165.", "Fizz recorded 1403165 in unit sales for Beverages."]}
{"payload": {"mode": "LINE", "measure": "unit_sales", "window": {"start": "2024-01-01", "end": "2024-12-31"}, "dims": ["brand"], "filters": {"category": "Beverages", "brand": ["Quench", "Hydra", "Splash"]}, "trend": {"measure": "unit_sales", "by_brand": [{"brand": "Quench", "min": {"value": 721884.3697883085, "period": "2024-06", "label": "Jun 2024"}, "max": {"value": 1558535.7193023288, "period": "2024-10", "label": "Oct 2024"}}, {"brand": "Hydra", "min": {"value": 713910.9548759807, "period": "2024-01", "label": "Jan 2024"}, "max": {"value": 1569989.3371393026, "period": "2024-04", "label": "Apr 2024"}}, {"brand": "Splash", "min": {"value": 787458.8443936917, "period": "2024-04", "label": "Apr 2024"}, "max": {"value": 1591048.4650938371, "period": "2024-06", "label": "Jun 2024"}}], "overall": {"min": {"value": 713910.9548759807, "period": "2024-01", "label": "Jan 2024"}, "max": {"value": 1591048.4650938371, "period": "2024-06", "label": "Jun 2024"}}}, "calculation_mode": "total unit_sales"}, "insights": ["In Beverages, Splash reached the highest monthly unit sales at Jun 2024.", "Trend view (Beverages): Splash shows the strongest monthly peak.", "Beverages trend: multiple brands vary month-to-month; Splash peaks highest."]}
